{"cameraMode":{"drawMode":0,"name":"Shaded","section":"Shading Mode"},"sceneLighting":false,"audioPlay":false,"sceneViewState":{"m_AlwaysRefresh":false,"showFog":true,"showSkybox":false,"showFlares":true,"showImageEffects":true,"showParticleSystems":true,"showVisualEffectGraphs":true,"m_FxEnabled":true},"in2DMode":false,"pivot":{"x":0.0000622868537902832,"y":0.6789076924324036,"z":0.09065140783786774},"rotation":{"x":-0.09904707968235016,"y":0.8399348855018616,"z":-0.16381831467151643,"w":-0.5079283714294434},"size":1.156063437461853,"orthographic":false}